--INSERT INTO usuario (id_usr, nme_usr, sna_usr, unm_usr) VALUES (1, 'Ednaldo Dilorenzo', '$2a$10$6A6cew8H0m.Fg5sL3JKIcuCX9Vw1QzRReIDns8o9KL3CnQ0Wk6kZ6','ednaldo.dilorenzo@gmail.com');
--INSERT INTO usuario (id_usr, nme_usr, sna_usr, unm_usr) VALUES (2, 'Kleiber', '$2a$10$6A6cew8H0m.Fg5sL3JKIcuCX9Vw1QzRReIDns8o9KL3CnQ0Wk6kZ6','kleiber@gmail.com');
--INSERT INTO usuario (id_usr, nme_usr, sna_usr, unm_usr) VALUES (3, 'Thiago', '$2a$10$6A6cew8H0m.Fg5sL3JKIcuCX9Vw1QzRReIDns8o9KL3CnQ0Wk6kZ6','thiago@gmail.com');
--INSERT INTO condominio (id_cno, cnpj_cno, nme_cno) VALUES (2, '111111111111111', 'Terrazzo Imperial');
--INSERT INTO papel (id_ppl, cod_ppl, dsc_ppl) VALUES (1, 'ROLE_SINDICO', 'Sindico do Predio');
--INSERT INTO papel (id_ppl, cod_ppl, dsc_ppl) VALUES (2, 'ROLE_MORADOR', 'Morador do Predio');
--INSERT INTO papel (id_ppl, cod_ppl, dsc_ppl) VALUES (3, 'ROLE_ADM', 'Administrador do Sistema');
--INSERT INTO usuario_papel (id_usr, id_ppl) VALUES (1, 2);
--INSERT INTO usuario_papel (id_usr, id_ppl) VALUES (1, 3);
--INSERT INTO usuario_papel (id_usr, id_ppl) VALUES (2, 1);
--INSERT INTO usuario_papel (id_usr, id_ppl) VALUES (2, 3);
--INSERT INTO unidade (id_und, idt_und, id_cno, id_usr) VALUES (1, '1601', 2, 1);
--INSERT INTO unidade (id_und, idt_und, id_cno, id_usr) VALUES (2, '2402', 2, 2);
--INSERT INTO enquete (id_eqt, id_cno, tit_eqt, dtf_eqt, dti_eqt, sts_eqt) VALUES (1, 2, 'Enquete teste', null, null, 'ABERTA');
--INSERT INTO item_enquete (id_ieq, id_eqt, dsc_it_eqt) VALUES (1, 1, 'Sim');
